98765,FA-389,Frontier,SNA,HNL,5,2_day,25:13.9
98766,DA-748,Delta,PHL,MCI,2,2_day,03:40.9
98767,DA-913,Delta,AUS,LAS,5,2_day,57:46.9
98768,SW-268,Southwest,BWI,FLL,6,7_day,03:27.9
98769,AA-482,American,DEN,MCI,4,3_day,39:48.9
98770,SA-749,Spirit,LAS,PHX,2,2_day,53:15.9
98771,FA-335,Frontier,MCO,FLL,5,5_day,55:38.9
98772,SW-658,Southwest,MSP,SNA,2,14_day,29:17.9
98773,UA-611,United,MDW,MSP,3,3_day,56:19.9
98774,SW-194,Southwest,ATL,DEN,6,3_day,23:02.9
98775,DA-737,Delta,HOU,MDW,5,14_day,43:50.9
98776,AA-259,American,LAS,BOS,6,3_day,11:56.9
98777,JB-193,JetBlue,BNA,FLL,3,5_day,40:40.9
98778,FA-688,Frontier,SNA,SMF,5,7_day,46:17.9
98779,FA-205,Frontier,STL,LGA,7,3_day,28:23.9
98780,VA-398,Virgin,BWI,SMF,4,14_day,26:59.9
98781,FA-609,Frontier,SFO,SLC,5,14_day,31:21.9
98782,SW-486,Southwest,ORD,LGA,5,14_day,02:23.9
98783,FA-662,Frontier,MSP,FLL,6,3_day,07:44.9
98784,FA-951,Frontier,DTW,MIA,7,1_day,28:44.9
98785,JB-346,JetBlue,LAX,OAK,7,14_day,59:21.9
98786,AA-469,American,PHL,CLE,5,14_day,35:23.9
98787,VA-326,Virgin,PHX,MSP,5,5_day,15:54.9
98788,AA-929,American,DTW,LAX,7,2_day,25:37.9
98789,DA-552,Delta,CLE,SAN,3,14_day,35:48.9
98790,UA-180,United,HOU,CLE,5,14_day,29:56.9
98791,FA-429,Frontier,HOU,CLE,2,7_day,20:43.9
98792,UA-904,United,TPA,PDX,4,7_day,33:17.9
98793,AA-1057,American,HOU,SLC,4,1_day,56:40.9
98794,UA-1016,United,SEA,SLC,3,5_day,04:12.9
98795,VA-1081,Virgin,SFO,LAS,6,5_day,01:05.9
98796,AA-388,American,AUS,BNA,3,14_day,21:24.9
98797,FA-1086,Frontier,DEN,SMF,4,7_day,55:46.9
98798,UA-787,United,SMF,ATL,5,2_day,50:44.9
98799,UA-241,United,PHL,SLC,1,7_day,03:45.9
98800,SA-160,Spirit,LAS,PHL,1,2_day,51:10.9
98801,DA-464,Delta,PHX,IAH,6,1_day,01:21.9
98802,UA-1009,United,SFO,BWI,5,14_day,53:36.9
98803,FA-430,Frontier,DEN,DFW,1,14_day,48:20.9
98804,SA-405,Spirit,PHX,MCI,7,5_day,24:43.9
98805,JB-234,JetBlue,PHL,LAS,4,2_day,56:43.9
98806,VA-475,Virgin,DFW,TPA,7,14_day,14:25.9
98807,JB-873,JetBlue,JFK,HOU,7,2_day,21:18.9
98808,DA-1042,Delta,HNL,EWR,4,2_day,54:22.9
98809,FA-164,Frontier,ORD,ATL,3,1_day,34:22.9
98810,JB-667,JetBlue,IAD,MSP,2,2_day,26:36.9
98811,DA-346,Delta,MIA,PHL,5,1_day,08:24.9
98812,UA-851,United,OAK,SAN,4,3_day,12:16.9
98813,FA-364,Frontier,LAS,SEA,6,1_day,55:27.9
98814,DA-889,Delta,DEN,TPA,4,14_day,43:48.9
98815,FA-836,Frontier,LAS,SEA,1,1_day,00:14.9
98816,SA-212,Spirit,IAD,ATL,3,2_day,54:03.9
98817,AA-891,American,DTW,BNA,6,14_day,26:09.9
98818,SA-436,Spirit,ATL,LGA,3,14_day,35:25.9
98819,AA-568,American,IAH,MDW,5,1_day,33:14.9
98820,SW-342,Southwest,MDW,MCI,7,3_day,46:34.9
98821,DA-339,Delta,DEN,LAX,4,7_day,09:37.9
98822,SA-356,Spirit,SLC,HOU,5,5_day,15:10.9
98823,JB-826,JetBlue,HOU,SNA,1,1_day,40:00.9
98824,SW-677,Southwest,PDX,RDU,3,14_day,45:33.9
98825,JB-731,JetBlue,SNA,MCI,7,5_day,02:12.9
98826,SW-270,Southwest,CLE,ATL,1,7_day,36:18.9
98827,FA-326,Frontier,SNA,RDU,6,14_day,12:12.9
98828,AA-376,American,FLL,STL,5,7_day,26:13.9
98829,FA-806,Frontier,HOU,PDX,2,1_day,02:00.9
98830,AA-1026,American,MDW,BWI,2,7_day,29:03.9
98831,DA-520,Delta,AUS,ATL,2,3_day,19:18.9
98832,UA-1005,United,STL,JFK,6,14_day,43:53.9
98833,FA-317,Frontier,PDX,IAH,5,14_day,15:19.9
98834,SA-968,Spirit,MIA,SAN,6,5_day,20:05.9
98835,SW-870,Southwest,MSP,DTW,7,1_day,00:59.9
98836,UA-940,United,DCA,DEN,4,2_day,20:04.9
98837,SW-735,Southwest,EWR,FLL,5,14_day,47:17.9
98838,UA-1055,United,MIA,OAK,4,7_day,32:34.9
98839,JB-638,JetBlue,AUS,IAH,4,5_day,52:19.9
98840,VA-405,Virgin,PHL,STL,2,7_day,54:51.9
98841,AA-902,American,HNL,DCA,4,1_day,32:07.9
98842,SW-203,Southwest,CLT,STL,2,2_day,37:48.9
98843,UA-320,United,MSP,LAS,5,7_day,10:34.9
98844,FA-181,Frontier,CLE,LGA,4,3_day,43:58.9
98845,SW-420,Southwest,DCA,DTW,5,5_day,54:42.9
98846,SW-191,Southwest,CLE,MCO,3,3_day,21:28.9
98847,DA-1096,Delta,SNA,BWI,2,3_day,33:31.9
98848,JB-743,JetBlue,SFO,MCO,7,2_day,31:27.9
98849,VA-1056,Virgin,IAH,MSP,6,7_day,11:13.9
98850,SA-177,Spirit,HNL,DTW,4,7_day,44:08.9
98851,FA-771,Frontier,JFK,MCO,6,7_day,40:48.9
98852,SW-461,Southwest,TPA,MCO,4,7_day,58:08.9
98853,FA-1042,Frontier,BNA,MDW,3,7_day,12:44.9
98854,DA-541,Delta,MSP,DTW,2,14_day,54:19.9
98855,AA-928,American,FLL,SEA,6,1_day,55:58.9
98856,SW-301,Southwest,TPA,DEN,5,3_day,24:20.9
98857,JB-969,JetBlue,CLE,SLC,4,3_day,44:10.9
98858,VA-336,Virgin,SAN,DFW,5,3_day,40:10.9
98859,DA-603,Delta,SMF,JFK,6,1_day,46:29.9
98860,VA-889,Virgin,BNA,ORD,2,7_day,49:56.9
98861,AA-173,American,MCO,AUS,2,5_day,06:52.9
98862,JB-252,JetBlue,BOS,MSP,3,2_day,52:06.9
98863,DA-163,Delta,HOU,SAN,2,1_day,27:07.9
98864,SA-1041,Spirit,ATL,IAH,5,3_day,28:11.9
98865,JB-803,JetBlue,OAK,IAD,7,1_day,57:13.9
98866,AA-731,American,SEA,PDX,1,1_day,21:58.9
98867,SA-355,Spirit,DTW,SMF,6,5_day,21:05.9
98868,AA-356,American,AUS,MCI,3,7_day,59:12.9
98869,DA-717,Delta,CLE,PHL,1,5_day,43:08.9
98870,FA-195,Frontier,LGA,IAD,1,7_day,15:52.9
98871,FA-604,Frontier,DFW,RDU,6,3_day,33:38.9
98872,DA-558,Delta,LAX,BNA,7,14_day,50:26.9
98873,FA-412,Frontier,ATL,MCO,3,7_day,05:16.9
98874,UA-1088,United,MSP,PHX,4,1_day,32:57.9
98875,DA-283,Delta,DEN,IAD,7,2_day,38:40.9
98876,VA-1029,Virgin,TPA,EWR,1,1_day,37:47.9
98877,UA-780,United,RDU,DCA,4,1_day,50:01.9
98878,AA-190,American,RDU,LGA,3,3_day,03:23.9
98879,JB-861,JetBlue,PHL,HOU,7,3_day,09:51.9
98880,DA-219,Delta,BNA,MCI,2,3_day,45:20.9
98881,UA-977,United,IAD,SEA,5,14_day,25:14.9
98882,VA-562,Virgin,RDU,FLL,7,5_day,09:31.9
98883,DA-541,Delta,PHL,SMF,5,14_day,38:45.9
98884,JB-686,JetBlue,IAD,CLT,4,7_day,06:18.9
98885,DA-693,Delta,LAS,LAX,3,1_day,08:11.9
98886,FA-1064,Frontier,BWI,MCO,1,3_day,33:18.9
98887,SW-758,Southwest,DEN,SLC,4,14_day,22:43.9
98888,JB-694,JetBlue,LGA,HNL,2,7_day,39:20.9
98889,VA-1072,Virgin,SEA,MDW,7,3_day,57:10.9
98890,AA-1071,American,DFW,SNA,7,7_day,00:25.9
98891,UA-406,United,RDU,LGA,1,7_day,15:52.9
98892,UA-213,United,DFW,ORD,7,1_day,39:15.9
98893,AA-997,American,PDX,CLE,1,14_day,58:12.9
98894,FA-480,Frontier,DCA,CLE,3,14_day,29:05.9
98895,AA-768,American,LAS,ORD,5,2_day,56:44.9
98896,JB-156,JetBlue,MIA,BWI,3,3_day,02:15.9
98897,DA-377,Delta,DFW,BNA,1,14_day,42:46.9
98898,DA-607,Delta,CLT,LAS,1,5_day,48:11.9
98899,UA-181,United,BWI,AUS,5,3_day,11:05.9
98900,FA-642,Frontier,IAH,BWI,4,5_day,39:31.9
98901,SW-751,Southwest,BWI,BOS,4,7_day,50:56.9
98902,UA-1075,United,DTW,PHX,6,5_day,06:39.9
98903,JB-1016,JetBlue,ATL,SAN,1,1_day,20:49.9
98904,DA-802,Delta,MSP,SFO,4,2_day,00:40.9
98905,SA-546,Spirit,DCA,ORD,1,3_day,42:39.9
98906,AA-939,American,HOU,SFO,3,14_day,56:19.9
98907,UA-268,United,PHX,SEA,2,3_day,24:54.9
98908,UA-888,United,DCA,LAS,5,3_day,45:49.9
98909,SW-874,Southwest,STL,EWR,6,3_day,47:45.9
98910,UA-772,United,MDW,DFW,3,2_day,58:08.9
98911,AA-369,American,FLL,LAX,6,2_day,10:28.9
98912,JB-682,JetBlue,PHX,LAX,6,2_day,09:18.9
98913,AA-194,American,SMF,LAS,2,7_day,50:05.9
98914,FA-489,Frontier,BNA,TPA,6,1_day,11:45.9
98915,FA-863,Frontier,ORD,SLC,4,5_day,34:46.9
98916,AA-257,American,SMF,MDW,2,14_day,06:59.9
98917,FA-1021,Frontier,SMF,PDX,5,2_day,28:54.9
98918,VA-639,Virgin,BWI,EWR,1,5_day,44:37.9
98919,SW-612,Southwest,DTW,CLE,6,3_day,29:51.9
98920,SA-229,Spirit,PHL,OAK,3,3_day,47:47.9
98921,SW-995,Southwest,CLE,MCO,5,2_day,57:23.9
98922,SA-160,Spirit,LAS,STL,3,5_day,48:49.9
98923,SA-1058,Spirit,SNA,RDU,6,7_day,58:49.9
98924,DA-340,Delta,LGA,DFW,1,7_day,59:44.9
98925,JB-284,JetBlue,HNL,BNA,7,7_day,10:26.9
98926,DA-859,Delta,SLC,SNA,4,3_day,23:58.9
98927,UA-355,United,DTW,MCO,5,7_day,51:18.9
98928,UA-774,United,LAX,OAK,4,14_day,31:12.9
98929,SA-392,Spirit,MSP,ORD,2,1_day,57:12.9
98930,SA-1045,Spirit,AUS,CLE,5,5_day,30:54.9
98931,SW-781,Southwest,MCO,MIA,2,1_day,02:43.9
98932,FA-800,Frontier,BNA,BOS,3,5_day,03:16.9
98933,AA-729,American,MSP,RDU,1,3_day,07:02.9
98934,SW-1061,Southwest,MIA,SNA,2,5_day,01:25.9
98935,DA-647,Delta,DTW,BWI,2,5_day,38:35.9
98936,SA-776,Spirit,LAS,DFW,5,2_day,14:28.9
98937,FA-370,Frontier,CLT,MDW,4,1_day,19:40.9
98938,FA-959,Frontier,MDW,MIA,5,7_day,28:02.9
98939,FA-768,Frontier,PHL,SAN,4,5_day,02:11.9
98940,VA-303,Virgin,PHX,MDW,7,7_day,17:36.9
98941,JB-1056,JetBlue,IAD,MIA,7,3_day,03:15.9
98942,SA-199,Spirit,HNL,DFW,7,7_day,41:51.9
98943,SW-611,Southwest,RDU,HOU,3,14_day,31:39.9
98944,AA-543,American,BOS,DFW,7,7_day,49:47.9
98945,SA-822,Spirit,DTW,SAN,6,5_day,36:31.9
98946,DA-310,Delta,DEN,LGA,4,3_day,36:06.9
98947,UA-663,United,CLT,DFW,1,1_day,51:25.9
98948,SA-832,Spirit,SLC,ATL,1,2_day,01:02.9
98949,FA-794,Frontier,CLE,SAN,3,2_day,47:14.9
98950,SW-862,Southwest,ATL,JFK,7,3_day,42:36.9
98951,SW-484,Southwest,MIA,HOU,5,1_day,47:55.9
98952,DA-863,Delta,BWI,DTW,3,1_day,43:00.9
98953,AA-793,American,ATL,BNA,7,2_day,30:11.9
98954,AA-604,American,BNA,MIA,2,1_day,07:41.9
98955,AA-512,American,ATL,SNA,2,5_day,03:55.9
98956,JB-997,JetBlue,MCO,HNL,5,1_day,20:23.9
98957,UA-863,United,MIA,PDX,7,2_day,26:54.9
98958,AA-467,American,JFK,FLL,1,2_day,00:52.9
98959,VA-691,Virgin,MDW,DTW,3,14_day,47:16.9
98960,VA-353,Virgin,SLC,FLL,1,7_day,24:23.9
98961,VA-549,Virgin,CLT,MCI,5,14_day,02:53.9
98962,AA-1075,American,TPA,HOU,7,1_day,09:33.9
98963,AA-913,American,CLE,LGA,6,14_day,03:48.9
98964,FA-1016,Frontier,BOS,FLL,1,5_day,56:18.9
98965,UA-932,United,BWI,SFO,7,3_day,42:44.9
98966,VA-728,Virgin,FLL,MCI,4,5_day,25:08.9
98967,AA-222,American,MSP,ATL,1,14_day,37:15.9
98968,AA-846,American,DFW,HOU,3,1_day,04:35.9
98969,UA-811,United,STL,EWR,3,5_day,21:00.9
98970,DA-552,Delta,AUS,LGA,1,7_day,06:52.9
98971,JB-812,JetBlue,EWR,CLT,6,7_day,16:17.9
98972,DA-535,Delta,MCO,IAD,2,1_day,46:10.9
98973,SW-277,Southwest,MCO,PHL,7,5_day,17:10.9
98974,JB-930,JetBlue,MDW,SNA,2,3_day,48:20.9
98975,VA-398,Virgin,BNA,OAK,1,2_day,54:36.9
98976,FA-262,Frontier,DTW,MDW,5,14_day,48:30.9
98977,VA-301,Virgin,BNA,SEA,3,14_day,12:07.9
98978,AA-390,American,PDX,OAK,7,5_day,11:51.9
98979,DA-310,Delta,LAS,LAX,4,2_day,58:23.9
98980,DA-258,Delta,LGA,DEN,3,3_day,01:51.9
98981,AA-497,American,BWI,JFK,6,1_day,15:43.9
98982,VA-310,Virgin,MSP,SAN,4,2_day,24:53.9
98983,JB-719,JetBlue,HNL,LAS,7,14_day,56:31.9
98984,SW-228,Southwest,DEN,BNA,1,3_day,19:23.9
98985,UA-246,United,SLC,MSP,2,14_day,53:42.9
98986,JB-740,JetBlue,MSP,BNA,7,1_day,59:53.9
98987,SA-177,Spirit,DTW,CLE,3,5_day,38:23.9
98988,AA-895,American,STL,LAX,3,5_day,34:47.9
98989,VA-441,Virgin,IAD,PDX,2,5_day,27:51.9
98990,DA-1070,Delta,MIA,BNA,3,14_day,49:35.9
98991,DA-1097,Delta,LAS,DFW,3,7_day,33:40.9
98992,VA-366,Virgin,SMF,ORD,1,7_day,05:16.9
98993,FA-741,Frontier,MDW,MSP,2,2_day,46:38.9
98994,DA-1055,Delta,ORD,BNA,5,14_day,31:00.9
98995,SW-237,Southwest,DFW,LAS,6,5_day,20:10.9
98996,UA-410,United,DFW,ORD,3,14_day,19:27.9
98997,JB-1064,JetBlue,DFW,SAN,2,3_day,20:21.9
98998,DA-205,Delta,HNL,MCI,1,5_day,26:19.9
98999,VA-942,Virgin,SLC,EWR,2,2_day,38:26.9
99000,VA-333,Virgin,LGA,DEN,3,1_day,16:52.9
99001,VA-498,Virgin,HOU,ATL,6,1_day,55:39.9
99002,SA-347,Spirit,BNA,RDU,4,1_day,27:17.9
99003,AA-443,American,PDX,PHX,5,14_day,51:07.9
99004,SW-819,Southwest,LAS,BNA,6,7_day,42:59.9
99005,SW-877,Southwest,BNA,SEA,4,7_day,10:54.9
99006,VA-479,Virgin,LAX,ATL,5,7_day,36:40.9
99007,AA-320,American,LAS,AUS,3,1_day,55:05.9
99008,SW-659,Southwest,RDU,IAH,5,14_day,40:15.9
99009,UA-1066,United,PHX,RDU,1,14_day,56:28.9
99010,FA-1059,Frontier,LAS,SMF,5,3_day,38:23.9
99011,DA-975,Delta,HNL,CLE,4,14_day,35:48.9
99012,DA-1072,Delta,STL,IAD,2,1_day,35:01.9
99013,UA-171,United,OAK,SLC,7,5_day,39:28.9
99014,DA-708,Delta,PHX,SEA,7,3_day,51:11.9
99015,SA-268,Spirit,SAN,STL,2,5_day,25:57.9
99016,FA-722,Frontier,SMF,MSP,6,1_day,40:14.9
99017,SA-627,Spirit,HOU,MCI,3,2_day,20:31.9
99018,SA-1016,Spirit,HOU,SFO,5,1_day,04:43.9
99019,FA-223,Frontier,LAX,RDU,1,2_day,16:19.9
99020,SW-1084,Southwest,OAK,LGA,7,1_day,00:39.9
99021,AA-758,American,LGA,MCI,4,2_day,00:48.9
99022,DA-377,Delta,ORD,AUS,4,7_day,03:07.9
99023,VA-534,Virgin,ATL,SLC,2,2_day,44:54.9
99024,JB-182,JetBlue,STL,MSP,5,7_day,23:20.9
99025,VA-707,Virgin,MDW,LAS,5,14_day,53:10.9
99026,DA-1079,Delta,TPA,OAK,5,7_day,43:58.9
99027,SA-746,Spirit,DEN,LAX,6,1_day,06:55.9
99028,AA-640,American,BWI,ORD,4,5_day,55:02.9
99029,SA-263,Spirit,CLE,MDW,3,1_day,07:07.9
99030,DA-277,Delta,SNA,FLL,5,2_day,33:10.9
99031,AA-185,American,DTW,BNA,6,14_day,07:21.9
99032,DA-798,Delta,DCA,IAH,4,1_day,40:58.9
99033,DA-1048,Delta,SEA,RDU,1,1_day,30:11.9
99034,JB-525,JetBlue,SNA,HOU,2,7_day,49:03.9
99035,FA-961,Frontier,PDX,DCA,4,1_day,56:56.9
99036,SW-1006,Southwest,SFO,LAX,2,2_day,41:27.9
99037,JB-196,JetBlue,SAN,JFK,2,7_day,30:49.9
99038,JB-904,JetBlue,SEA,DEN,4,7_day,59:20.9
99039,SA-573,Spirit,IAD,LGA,1,14_day,34:57.9
99040,VA-971,Virgin,LAX,ORD,1,5_day,44:09.9
99041,DA-899,Delta,BOS,MIA,5,1_day,31:52.9
99042,DA-1054,Delta,SEA,OAK,1,2_day,04:43.9
99043,AA-625,American,OAK,ORD,4,1_day,46:40.9
99044,DA-706,Delta,MSP,OAK,2,1_day,19:46.9
99045,AA-1049,American,ATL,FLL,3,2_day,26:22.9
99046,UA-715,United,BOS,SFO,5,3_day,47:21.9
99047,SA-389,Spirit,SAN,ORD,3,7_day,54:30.9
99048,JB-777,JetBlue,MCI,BWI,3,5_day,02:35.9
99049,VA-450,Virgin,MSP,DFW,6,3_day,23:40.9
99050,SW-811,Southwest,SNA,EWR,1,2_day,41:36.9
99051,AA-803,American,CLT,IAD,5,14_day,02:26.9
99052,SW-649,Southwest,MIA,SFO,7,1_day,40:55.9
99053,AA-1010,American,MSP,BWI,3,14_day,21:30.9
99054,AA-206,American,EWR,DFW,6,1_day,52:27.9
99055,SW-981,Southwest,CLT,CLE,6,3_day,59:12.9
99056,AA-1009,American,SMF,SLC,7,5_day,37:13.9
99057,JB-529,JetBlue,FLL,SFO,5,1_day,52:29.9
99058,UA-233,United,BOS,SMF,4,3_day,26:27.9
99059,FA-708,Frontier,STL,DEN,7,5_day,32:43.9
99060,SW-1039,Southwest,EWR,AUS,6,5_day,19:29.9
99061,FA-354,Frontier,MSP,SAN,5,5_day,33:31.9
99062,AA-485,American,SFO,STL,7,3_day,29:18.9
99063,AA-762,American,HOU,CLE,2,5_day,01:09.9
99064,AA-599,American,STL,ORD,4,7_day,56:08.9
99065,AA-219,American,MSP,MCI,4,3_day,22:36.9
99066,FA-732,Frontier,TPA,DFW,1,3_day,33:03.9
99067,FA-504,Frontier,HOU,MIA,7,1_day,41:08.9
99068,UA-1097,United,LAS,DTW,1,7_day,53:38.9
99069,JB-950,JetBlue,MDW,CLE,4,14_day,24:22.9
99070,UA-875,United,EWR,ATL,5,1_day,17:55.9
99071,SW-221,Southwest,STL,ATL,5,3_day,09:39.9
99072,UA-620,United,RDU,DFW,5,3_day,29:13.9
99073,AA-322,American,IAH,MCO,5,5_day,56:34.9
99074,VA-810,Virgin,SAN,CLT,7,5_day,12:51.9
99075,JB-166,JetBlue,BOS,DFW,7,1_day,52:09.9
99076,JB-769,JetBlue,BNA,SAN,4,7_day,24:15.9
99077,SA-952,Spirit,MCO,SLC,6,14_day,26:35.9
99078,SA-747,Spirit,BWI,SNA,1,1_day,30:14.9
99079,UA-180,United,LAS,OAK,5,5_day,42:50.9
99080,SA-329,Spirit,DCA,PDX,6,3_day,30:00.9
99081,DA-1075,Delta,ATL,SAN,7,14_day,46:52.9
99082,SW-788,Southwest,DFW,MDW,1,7_day,11:55.9
99083,FA-697,Frontier,PHL,AUS,6,2_day,12:36.9
99084,SA-343,Spirit,ATL,EWR,1,7_day,11:22.9
99085,AA-173,American,MDW,HOU,6,5_day,41:19.9
99086,DA-904,Delta,SFO,SAN,1,14_day,49:17.9
99087,UA-880,United,SLC,IAD,2,14_day,42:49.9
99088,SW-699,Southwest,CLT,HNL,4,3_day,07:27.9
99089,SA-654,Spirit,LGA,MCI,1,1_day,19:05.9
99090,JB-709,JetBlue,LGA,FLL,4,5_day,33:23.9
99091,SA-330,Spirit,AUS,SLC,4,2_day,40:33.9
99092,JB-586,JetBlue,BWI,LGA,6,5_day,12:37.9
99093,UA-648,United,LAS,HNL,6,1_day,49:59.9
99094,AA-995,American,MCI,LAS,6,3_day,46:08.9
99095,SA-819,Spirit,JFK,SLC,6,14_day,33:51.9
99096,JB-427,JetBlue,ATL,MSP,4,2_day,25:59.9
99097,AA-255,American,IAD,MDW,6,7_day,01:58.9
99098,VA-830,Virgin,EWR,SFO,3,5_day,28:26.9
99099,UA-1062,United,ATL,ORD,5,5_day,12:50.9
99100,UA-355,United,FLL,DFW,1,1_day,47:17.9
99101,JB-615,JetBlue,CLE,DCA,2,7_day,56:44.9
99102,SA-1038,Spirit,SEA,LAX,6,7_day,40:20.9
99103,VA-867,Virgin,AUS,EWR,6,1_day,13:36.9
99104,UA-564,United,LGA,MIA,2,3_day,44:13.9
99105,FA-319,Frontier,LGA,MCI,1,14_day,45:23.9
99106,FA-718,Frontier,BWI,ORD,5,5_day,02:36.9
99107,SA-317,Spirit,JFK,BNA,5,5_day,59:10.9
99108,AA-519,American,FLL,SFO,3,7_day,06:23.9
99109,DA-563,Delta,IAD,EWR,4,7_day,41:53.9
99110,AA-1007,American,CLE,ATL,4,7_day,17:30.9
99111,SW-940,Southwest,BOS,DCA,1,3_day,04:28.9
99112,SA-474,Spirit,DEN,SAN,1,1_day,17:57.9
99113,VA-509,Virgin,PHL,MDW,1,2_day,36:23.9
99114,SA-371,Spirit,PDX,SNA,3,14_day,56:32.9
99115,AA-830,American,MDW,SLC,7,1_day,48:48.9
99116,DA-293,Delta,PDX,BWI,4,2_day,12:27.9
99117,JB-464,JetBlue,LGA,MDW,1,3_day,06:08.9
99118,SA-1070,Spirit,BNA,DFW,1,14_day,41:27.9
99119,VA-235,Virgin,PHX,EWR,3,7_day,31:51.9
99120,UA-970,United,MCO,SEA,1,7_day,29:11.9
99121,AA-549,American,SAN,IAH,5,14_day,36:54.9
99122,JB-504,JetBlue,DCA,CLT,6,7_day,48:29.9
99123,FA-794,Frontier,DCA,SNA,1,2_day,56:15.9
99124,UA-581,United,TPA,MCO,3,5_day,56:19.9
99125,FA-388,Frontier,SFO,SAN,3,3_day,24:30.9
99126,UA-1023,United,PDX,LGA,1,3_day,43:23.9
99127,UA-356,United,ATL,PHX,4,14_day,00:57.9
99128,SA-1095,Spirit,MSP,STL,1,14_day,28:03.9
99129,FA-862,Frontier,HNL,ATL,5,3_day,11:40.9
99130,DA-563,Delta,DTW,SLC,3,1_day,50:23.9
99131,FA-509,Frontier,TPA,PDX,3,14_day,09:33.9
99132,JB-556,JetBlue,BOS,SAN,3,5_day,46:09.9
99133,AA-886,American,BOS,PHX,1,7_day,30:37.9
99134,AA-330,American,BOS,ATL,6,14_day,01:42.9
99135,FA-699,Frontier,DTW,DEN,2,5_day,06:37.9
99136,FA-1031,Frontier,MDW,LGA,7,7_day,42:35.9
99137,SA-860,Spirit,MDW,ATL,2,2_day,21:44.9
99138,VA-500,Virgin,SEA,LGA,4,5_day,35:24.9
99139,UA-946,United,ATL,PHX,5,3_day,26:04.9
99140,JB-759,JetBlue,IAD,PDX,7,14_day,55:28.9
99141,JB-989,JetBlue,CLT,DEN,3,7_day,11:26.9
99142,VA-681,Virgin,TPA,DEN,2,14_day,32:31.9
99143,FA-688,Frontier,LAX,SMF,3,5_day,24:31.9
99144,FA-193,Frontier,EWR,MIA,4,7_day,34:46.9
99145,AA-736,American,EWR,SMF,7,3_day,52:39.9
99146,UA-997,United,BWI,LAS,1,3_day,57:55.9
99147,DA-1078,Delta,SFO,STL,1,1_day,24:57.9
99148,UA-1023,United,MCI,MIA,3,5_day,55:35.9
99149,UA-744,United,DEN,HOU,7,14_day,48:33.9
99150,JB-235,JetBlue,MDW,SAN,5,1_day,13:26.9
99151,FA-881,Frontier,LAS,DFW,2,14_day,50:17.9
99152,JB-759,JetBlue,BOS,MSP,5,1_day,42:22.9
99153,UA-837,United,DCA,CLT,1,2_day,06:57.9
99154,DA-990,Delta,DTW,ORD,3,7_day,09:06.9
99155,UA-443,United,OAK,MIA,7,3_day,04:25.9
99156,UA-167,United,DTW,DCA,6,7_day,22:35.9
99157,SA-727,Spirit,SMF,FLL,5,1_day,09:24.9
99158,SA-1087,Spirit,CLE,EWR,5,2_day,43:26.9
99159,AA-1061,American,BNA,DEN,3,2_day,57:27.9
99160,SA-691,Spirit,AUS,EWR,1,3_day,22:56.9
99161,VA-188,Virgin,SNA,PHL,6,3_day,35:37.9
99162,FA-506,Frontier,MDW,ATL,3,5_day,34:58.9
99163,JB-822,JetBlue,SNA,HOU,2,3_day,26:23.9
99164,VA-513,Virgin,BNA,AUS,5,1_day,17:02.9
99165,SA-470,Spirit,JFK,DFW,5,3_day,21:36.9
99166,DA-413,Delta,IAH,ORD,4,5_day,30:21.9
99167,SW-507,Southwest,TPA,HNL,7,5_day,14:00.9
99168,SW-506,Southwest,PDX,SNA,5,5_day,11:39.9
99169,AA-308,American,MCO,MCI,2,7_day,24:50.9
99170,VA-710,Virgin,ATL,ORD,7,1_day,47:32.9
99171,JB-920,JetBlue,MIA,CLT,6,14_day,21:21.9
99172,JB-499,JetBlue,DFW,PHL,3,3_day,19:53.9
99173,JB-704,JetBlue,BOS,JFK,1,14_day,16:33.9
99174,AA-361,American,LAS,MIA,3,1_day,36:35.9
99175,UA-579,United,IAH,LAS,1,2_day,24:30.9
99176,JB-460,JetBlue,TPA,STL,6,2_day,20:45.9
99177,SW-358,Southwest,PHL,LGA,1,1_day,06:30.9
99178,SW-616,Southwest,HNL,SLC,4,1_day,26:26.9
99179,SW-488,Southwest,PHX,LGA,2,7_day,04:03.9
99180,JB-437,JetBlue,PDX,DFW,3,7_day,26:39.9
99181,DA-752,Delta,PHX,ORD,6,5_day,30:08.9
99182,SA-338,Spirit,PDX,FLL,7,1_day,20:32.9
99183,AA-185,American,PHX,SNA,2,1_day,22:43.9
99184,VA-1046,Virgin,DTW,MCI,7,14_day,07:22.9
99185,FA-328,Frontier,DTW,PDX,2,2_day,00:45.9
99186,SW-195,Southwest,MCI,STL,1,14_day,16:57.9
99187,DA-661,Delta,IAD,LAS,4,3_day,13:48.9
99188,SA-517,Spirit,DCA,AUS,2,2_day,41:31.9
99189,SA-336,Spirit,BWI,SAN,5,14_day,47:28.9
99190,DA-1092,Delta,MSP,TPA,4,2_day,00:35.9
99191,SW-170,Southwest,PHL,BWI,6,3_day,09:21.9
99192,JB-1064,JetBlue,DCA,MDW,7,2_day,49:49.9
99193,UA-395,United,ATL,JFK,2,14_day,42:11.9
99194,DA-758,Delta,STL,LGA,1,1_day,30:00.9
99195,AA-586,American,ATL,SFO,5,2_day,10:44.9
99196,DA-851,Delta,CLE,CLT,7,7_day,53:09.9
99197,UA-818,United,LAS,MDW,3,7_day,55:57.9
99198,SA-615,Spirit,SNA,TPA,3,1_day,24:32.9
99199,AA-831,American,STL,DFW,5,14_day,58:32.9
99200,SW-1030,Southwest,DCA,PDX,3,2_day,13:52.9
99201,SA-213,Spirit,EWR,CLT,5,1_day,36:32.9
99202,DA-404,Delta,STL,MCO,4,7_day,29:34.9
99203,SA-690,Spirit,FLL,CLT,1,3_day,45:03.9
99204,SA-1074,Spirit,DCA,JFK,3,14_day,41:11.9
99205,SA-158,Spirit,BOS,LAX,3,7_day,00:52.9
99206,AA-784,American,SNA,SAN,5,3_day,24:16.9
99207,JB-319,JetBlue,IAH,AUS,6,7_day,15:43.9
99208,FA-387,Frontier,PDX,MDW,3,2_day,05:55.9
99209,VA-534,Virgin,HOU,CLT,7,7_day,31:02.9
99210,AA-480,American,JFK,MSP,4,14_day,48:23.9
99211,JB-697,JetBlue,EWR,IAH,2,5_day,27:06.9
99212,JB-375,JetBlue,ATL,SMF,4,2_day,09:35.9
99213,VA-189,Virgin,SNA,CLT,7,7_day,31:23.9
99214,JB-267,JetBlue,SAN,SEA,4,3_day,15:43.9
99215,SW-249,Southwest,SMF,OAK,2,3_day,47:18.9
99216,SA-258,Spirit,RDU,SEA,2,3_day,39:46.9
99217,SW-1066,Southwest,RDU,TPA,4,14_day,51:32.9
99218,SW-748,Southwest,FLL,DTW,7,7_day,32:49.9
99219,SW-802,Southwest,AUS,HOU,4,2_day,33:12.9
99220,DA-968,Delta,DTW,EWR,4,14_day,33:16.9
99221,FA-369,Frontier,DTW,EWR,2,14_day,08:23.9
99222,UA-356,United,DEN,SAN,2,5_day,53:58.9
99223,AA-827,American,SNA,IAH,2,7_day,44:46.9
99224,FA-865,Frontier,AUS,LAX,1,14_day,15:19.9
99225,UA-306,United,SEA,PDX,4,1_day,39:57.9
99226,DA-939,Delta,SNA,BWI,2,14_day,03:40.9
99227,UA-435,United,LGA,OAK,1,5_day,56:22.9
99228,AA-819,American,BNA,OAK,3,2_day,48:32.9
99229,JB-160,JetBlue,MIA,LGA,2,1_day,39:32.9
99230,JB-474,JetBlue,SMF,LAS,2,7_day,18:28.9
99231,SA-990,Spirit,DTW,SNA,6,14_day,11:34.9
99232,VA-156,Virgin,FLL,BWI,5,7_day,32:03.9
99233,AA-849,American,OAK,PHL,7,2_day,03:48.9
99234,FA-551,Frontier,AUS,DTW,2,1_day,42:32.9
99235,FA-524,Frontier,HNL,LGA,4,7_day,07:43.9
99236,SA-608,Spirit,CLT,SAN,1,7_day,41:41.9
99237,SW-962,Southwest,JFK,ATL,5,1_day,18:23.9
99238,SA-544,Spirit,SNA,LAS,2,5_day,33:05.9
99239,SA-545,Spirit,LGA,BOS,5,5_day,43:14.9
99240,DA-721,Delta,HNL,BWI,6,2_day,48:52.9
99241,DA-215,Delta,DEN,STL,4,1_day,41:13.9
99242,SW-276,Southwest,MCI,PDX,4,7_day,15:40.9
99243,FA-475,Frontier,LGA,IAH,6,14_day,52:33.9
99244,FA-719,Frontier,MIA,ORD,3,3_day,43:02.9
99245,DA-765,Delta,DEN,ATL,2,5_day,32:43.9
99246,VA-974,Virgin,BOS,EWR,3,3_day,41:02.9
99247,FA-992,Frontier,LAS,MDW,4,5_day,14:17.9
99248,VA-978,Virgin,HNL,BOS,4,7_day,47:58.9
99249,UA-634,United,PHX,CLE,7,5_day,21:37.9
99250,SA-746,Spirit,MCO,SEA,6,1_day,45:51.9
99251,JB-671,JetBlue,ORD,PDX,7,2_day,24:16.9
99252,AA-461,American,DFW,MCO,6,3_day,04:29.9
99253,SA-273,Spirit,MCO,CLT,6,7_day,19:37.9
99254,JB-675,JetBlue,HOU,SLC,6,2_day,15:35.9
99255,SA-1019,Spirit,SFO,MCI,7,2_day,23:24.9
99256,SA-598,Spirit,SMF,TPA,1,7_day,04:56.9
99257,SW-283,Southwest,SFO,MCO,6,2_day,15:42.9
99258,JB-1094,JetBlue,SEA,MCI,4,14_day,21:59.9
99259,JB-1068,JetBlue,IAD,CLT,2,14_day,22:50.9
99260,UA-516,United,STL,SEA,5,2_day,16:47.9
99261,SA-1001,Spirit,FLL,SAN,3,1_day,29:06.9
99262,FA-716,Frontier,SMF,MIA,5,14_day,46:20.9
99263,FA-1031,Frontier,DEN,RDU,5,2_day,00:46.9
99264,SA-618,Spirit,MIA,HNL,7,7_day,47:40.9
99265,FA-822,Frontier,SLC,SFO,6,3_day,19:09.9
99266,VA-863,Virgin,BWI,BNA,7,7_day,39:50.9
99267,DA-831,Delta,SEA,DFW,6,7_day,22:54.9
99268,SW-217,Southwest,OAK,JFK,5,5_day,14:30.9
99269,FA-821,Frontier,DTW,BNA,2,14_day,57:21.9
99270,SW-708,Southwest,PHL,CLT,4,1_day,07:10.9
99271,DA-545,Delta,IAD,JFK,5,5_day,06:30.9
99272,VA-213,Virgin,CLT,PHL,7,7_day,54:59.9
99273,AA-259,American,MCI,PHX,2,2_day,30:09.9
99274,UA-992,United,DCA,RDU,1,14_day,33:54.9
99275,VA-498,Virgin,EWR,PHL,5,2_day,25:02.9
99276,AA-446,American,SNA,SAN,1,2_day,20:35.9
99277,AA-225,American,DCA,CLE,5,7_day,21:57.9
99278,AA-756,American,ATL,DEN,6,2_day,10:41.9
99279,DA-972,Delta,LAX,EWR,1,7_day,40:42.9
99280,JB-471,JetBlue,BOS,SLC,4,7_day,12:56.9
99281,UA-200,United,AUS,LAS,4,7_day,11:41.9
99282,VA-1009,Virgin,AUS,BOS,5,1_day,14:59.9
99283,VA-898,Virgin,BWI,MSP,4,14_day,31:17.9
99284,SA-244,Spirit,MDW,AUS,5,7_day,55:33.9
99285,UA-270,United,BOS,DFW,6,2_day,38:01.9
99286,SW-390,Southwest,PHX,MCI,5,14_day,05:15.9
99287,SW-793,Southwest,LAX,PHX,1,3_day,51:20.9
99288,SW-836,Southwest,BOS,DEN,4,3_day,30:31.9
99289,AA-808,American,PHL,STL,6,7_day,59:00.9
99290,JB-885,JetBlue,PHL,PHX,1,1_day,13:49.9
99291,FA-1002,Frontier,IAD,SMF,1,2_day,26:45.9
99292,FA-904,Frontier,IAD,ORD,2,7_day,22:50.9
99293,JB-635,JetBlue,DCA,MSP,3,5_day,55:42.9
99294,VA-726,Virgin,MDW,PHX,1,5_day,59:21.9
99295,VA-923,Virgin,CLT,HOU,6,7_day,07:53.9
99296,AA-364,American,ORD,SNA,1,2_day,31:45.9
99297,VA-363,Virgin,SEA,SFO,5,5_day,43:30.9
99298,UA-886,United,SEA,SLC,4,7_day,52:01.9
99299,AA-190,American,OAK,SLC,5,7_day,31:14.9
99300,FA-666,Frontier,PHX,FLL,6,5_day,26:29.9
99301,SA-216,Spirit,PDX,LAS,5,1_day,38:21.9
99302,VA-900,Virgin,EWR,DFW,2,2_day,16:17.9
99303,JB-749,JetBlue,BOS,PDX,6,14_day,07:29.9
99304,VA-581,Virgin,MCI,LAS,1,1_day,01:22.9
99305,VA-596,Virgin,MIA,SLC,5,7_day,53:25.9
99306,SA-758,Spirit,AUS,OAK,5,7_day,33:29.9
99307,DA-1074,Delta,LAX,DCA,4,3_day,53:38.9
99308,JB-854,JetBlue,IAH,DEN,6,5_day,30:42.9
99309,SA-762,Spirit,OAK,CLE,6,1_day,00:38.9
99310,DA-725,Delta,SEA,BOS,2,3_day,21:06.9
99311,SA-466,Spirit,MCI,BOS,1,7_day,21:17.9
99312,UA-524,United,BNA,SLC,3,1_day,55:15.9
99313,UA-277,United,HNL,MCI,5,5_day,40:22.9
99314,DA-963,Delta,JFK,DEN,4,7_day,47:55.9
99315,AA-467,American,TPA,MSP,2,14_day,54:20.9
99316,FA-693,Frontier,MIA,ATL,3,7_day,20:16.9
99317,FA-425,Frontier,LAX,LAS,6,14_day,16:14.9
99318,SA-636,Spirit,DFW,JFK,3,7_day,29:45.9
99319,SA-825,Spirit,ATL,RDU,4,7_day,31:30.9
99320,VA-806,Virgin,CLE,MCI,2,14_day,37:52.9
99321,SW-506,Southwest,JFK,ORD,5,3_day,26:08.9
99322,FA-713,Frontier,BNA,DEN,3,1_day,42:34.9
99323,FA-681,Frontier,IAH,DCA,4,5_day,37:05.9
99324,AA-211,American,MCI,HOU,1,5_day,30:33.9
99325,AA-457,American,RDU,CLE,2,14_day,34:45.9
99326,FA-243,Frontier,HNL,SFO,1,7_day,17:23.9
99327,SA-952,Spirit,MDW,CLE,7,2_day,20:24.9
99328,AA-1042,American,OAK,DTW,7,7_day,39:52.9
99329,DA-1000,Delta,TPA,FLL,3,2_day,21:44.9
99330,VA-315,Virgin,SEA,BNA,4,5_day,42:27.9
99331,SA-1083,Spirit,RDU,DFW,2,7_day,37:43.9
99332,VA-255,Virgin,SMF,PHX,5,3_day,39:25.9
99333,FA-764,Frontier,DEN,ORD,4,1_day,59:34.9
99334,VA-298,Virgin,SLC,MCO,7,7_day,55:14.9
99335,AA-834,American,FLL,SEA,4,7_day,12:21.9
99336,AA-1084,American,LAS,DCA,5,7_day,40:48.9
99337,FA-1053,Frontier,BNA,MIA,4,5_day,44:00.9
99338,VA-563,Virgin,DFW,SAN,3,5_day,37:28.9
99339,SA-1013,Spirit,BOS,SAN,4,2_day,57:05.9
99340,AA-976,American,DFW,JFK,3,14_day,49:39.9
99341,AA-424,American,BWI,DFW,2,1_day,06:10.9
99342,SW-596,Southwest,SEA,HNL,4,5_day,06:39.9
99343,SW-502,Southwest,LAS,MDW,3,3_day,39:39.9
99344,SA-765,Spirit,OAK,DEN,5,14_day,43:46.9
99345,SA-199,Spirit,MDW,TPA,6,3_day,05:13.9
99346,JB-156,JetBlue,CLT,HNL,7,3_day,40:49.9
99347,FA-350,Frontier,PHX,IAD,1,3_day,45:50.9
99348,JB-1018,JetBlue,DEN,DFW,6,1_day,36:16.9
99349,JB-1017,JetBlue,EWR,SAN,1,5_day,23:29.9
99350,UA-340,United,CLT,TPA,4,3_day,12:37.9
99351,UA-226,United,HNL,TPA,2,5_day,00:34.9
99352,SA-256,Spirit,JFK,OAK,5,14_day,11:38.9
99353,FA-483,Frontier,DFW,DEN,7,3_day,22:44.9
99354,FA-526,Frontier,MIA,PHX,1,7_day,17:37.9
99355,SA-280,Spirit,LAS,DEN,6,14_day,36:35.9
99356,SA-1071,Spirit,SEA,IAH,1,2_day,42:04.9
99357,DA-204,Delta,HOU,MCO,7,2_day,56:52.9
99358,SA-640,Spirit,PHX,SAN,2,5_day,22:39.9
99359,VA-788,Virgin,EWR,MCO,5,2_day,09:09.9
99360,SW-614,Southwest,SLC,SMF,5,3_day,48:41.9
99361,VA-632,Virgin,SNA,PDX,5,2_day,22:19.9
99362,SA-836,Spirit,MDW,AUS,1,5_day,07:54.9
99363,FA-690,Frontier,IAD,TPA,5,2_day,54:28.9
99364,SW-246,Southwest,MDW,BWI,4,3_day,13:25.9
99365,UA-741,United,FLL,SFO,7,3_day,29:17.9
99366,UA-874,United,OAK,MCO,5,3_day,15:26.9
99367,AA-978,American,DEN,MCO,6,5_day,02:01.9
99368,FA-1096,Frontier,STL,HOU,5,7_day,57:19.9
99369,SW-281,Southwest,SAN,STL,3,2_day,11:44.9
99370,SA-798,Spirit,BOS,SEA,7,14_day,05:37.9
99371,UA-677,United,DFW,ORD,1,7_day,19:34.9
99372,SA-374,Spirit,SNA,SMF,7,14_day,28:00.9
99373,JB-323,JetBlue,LAS,BOS,7,5_day,03:33.9
99374,DA-713,Delta,DCA,TPA,3,14_day,29:02.9
99375,DA-644,Delta,SAN,SMF,6,1_day,14:16.9
99376,FA-595,Frontier,MIA,SNA,3,5_day,01:19.9
99377,FA-815,Frontier,SAN,SLC,4,1_day,40:24.9
99378,UA-428,United,LGA,ORD,5,1_day,32:48.9
99379,JB-379,JetBlue,BWI,SNA,1,14_day,00:54.9
99380,UA-247,United,AUS,HNL,6,3_day,30:35.9
99381,DA-178,Delta,AUS,BWI,4,2_day,51:22.9
99382,SW-311,Southwest,SLC,DCA,3,14_day,53:56.9
99383,SW-771,Southwest,BWI,SNA,5,14_day,53:23.9
99384,AA-650,American,PHX,BNA,6,5_day,02:13.9
99385,DA-229,Delta,PHX,DTW,5,14_day,31:15.9
99386,JB-421,JetBlue,BWI,DTW,5,14_day,12:32.9
99387,UA-994,United,LAS,PHL,3,3_day,49:53.9
99388,JB-429,JetBlue,SEA,CLT,2,2_day,32:37.9
99389,JB-370,JetBlue,EWR,SNA,5,14_day,07:26.9
99390,AA-169,American,SLC,CLT,2,1_day,54:09.9
99391,UA-1050,United,SMF,LGA,2,7_day,29:02.9
99392,SW-274,Southwest,DCA,ORD,2,3_day,07:19.9
99393,JB-699,JetBlue,SFO,CLT,3,3_day,00:36.9
99394,VA-859,Virgin,LGA,IAH,2,5_day,07:03.9
99395,AA-420,American,DEN,DTW,6,1_day,11:43.9
99396,AA-281,American,SNA,BWI,5,3_day,50:35.9
99397,DA-254,Delta,SNA,IAD,6,1_day,37:02.9
99398,VA-832,Virgin,IAD,MDW,3,7_day,09:47.9
99399,DA-851,Delta,DCA,IAD,6,5_day,16:24.9
99400,AA-233,American,DFW,SEA,6,2_day,09:17.9
99401,SA-673,Spirit,HOU,SFO,3,3_day,40:15.9
99402,SW-603,Southwest,SLC,PHL,6,2_day,04:09.9
99403,SW-1032,Southwest,DTW,LAX,5,14_day,23:47.9
99404,JB-403,JetBlue,DCA,CLT,1,1_day,27:47.9
99405,AA-471,American,MDW,DCA,6,3_day,12:32.9
99406,DA-477,Delta,MCI,TPA,5,5_day,15:32.9
99407,DA-836,Delta,DFW,HOU,6,1_day,24:01.9
99408,VA-695,Virgin,PHL,BOS,1,14_day,06:47.9
99409,AA-852,American,TPA,ATL,2,14_day,40:24.9
99410,AA-678,American,FLL,HOU,2,3_day,35:32.9
99411,SW-790,Southwest,MIA,DTW,5,14_day,45:56.9
99412,FA-900,Frontier,SLC,DCA,6,14_day,02:23.9
99413,UA-644,United,MCI,EWR,1,1_day,44:50.9
99414,FA-845,Frontier,PHL,DCA,5,1_day,53:48.9
99415,SA-1044,Spirit,ATL,SNA,3,3_day,38:52.9
99416,AA-600,American,DEN,JFK,7,14_day,15:29.9
99417,SA-924,Spirit,SMF,DFW,3,1_day,26:18.9
99418,VA-390,Virgin,RDU,DTW,7,7_day,13:03.9
99419,SW-405,Southwest,RDU,BNA,3,14_day,07:18.9
99420,DA-826,Delta,SFO,SLC,3,3_day,35:35.9
99421,SW-783,Southwest,LAX,STL,3,3_day,23:14.9
99422,SW-309,Southwest,HOU,PHL,4,1_day,15:25.9
99423,FA-322,Frontier,TPA,ATL,6,7_day,36:41.9
99424,SA-584,Spirit,MIA,LAX,6,1_day,31:22.9
99425,SA-214,Spirit,DTW,TPA,6,2_day,47:26.9
99426,SA-277,Spirit,MSP,RDU,3,3_day,07:37.9
99427,DA-854,Delta,FLL,SFO,7,5_day,16:28.9
99428,VA-532,Virgin,ATL,PHL,4,1_day,11:18.9
99429,VA-490,Virgin,PHX,MCO,7,5_day,12:39.9
99430,AA-614,American,DFW,FLL,2,3_day,43:24.9
99431,UA-411,United,PHX,FLL,5,14_day,58:12.9
99432,FA-1054,Frontier,JFK,AUS,4,3_day,32:54.9
99433,JB-262,JetBlue,CLT,JFK,6,3_day,17:17.9
99434,VA-218,Virgin,BOS,CLE,5,14_day,19:36.9
99435,FA-1046,Frontier,DCA,HNL,5,2_day,21:34.9
99436,VA-615,Virgin,DCA,SNA,7,2_day,31:59.9
99437,JB-474,JetBlue,MCI,ORD,7,7_day,38:43.9
99438,DA-899,Delta,MCI,CLE,4,3_day,29:05.9
99439,DA-1096,Delta,LAX,IAH,5,7_day,44:13.9
99440,UA-1094,United,DTW,SAN,6,5_day,26:48.9
99441,SW-289,Southwest,IAH,DFW,7,14_day,59:24.9
99442,AA-768,American,SEA,SMF,1,1_day,50:59.9
99443,FA-812,Frontier,FLL,CLT,7,7_day,15:23.9
99444,VA-995,Virgin,SFO,DFW,2,1_day,20:03.9
99445,VA-1001,Virgin,SEA,FLL,5,2_day,42:19.9
99446,DA-374,Delta,SFO,LAS,5,5_day,34:02.9
99447,VA-691,Virgin,MDW,BNA,1,14_day,44:32.9
99448,VA-1077,Virgin,PHL,ORD,7,3_day,15:12.9
99449,DA-893,Delta,LAS,MDW,2,1_day,46:54.9
99450,JB-996,JetBlue,DEN,OAK,1,1_day,42:14.9
99451,AA-360,American,SAN,MDW,6,3_day,50:58.9
99452,UA-867,United,DEN,SNA,6,2_day,01:21.9
99453,FA-493,Frontier,IAH,MIA,5,1_day,33:03.9
99454,AA-713,American,BOS,SEA,6,1_day,16:58.9
99455,AA-575,American,CLT,MCI,2,14_day,31:14.9
99456,JB-1049,JetBlue,LGA,MSP,2,14_day,18:31.9
99457,SW-843,Southwest,MCI,SLC,7,2_day,47:21.9
99458,UA-622,United,MCI,SAN,2,5_day,06:09.9
99459,FA-778,Frontier,LAX,BWI,5,3_day,15:53.9
99460,SA-531,Spirit,HOU,TPA,4,3_day,37:20.9
99461,UA-329,United,MIA,DCA,4,5_day,45:35.9
99462,SW-1018,Southwest,TPA,MCI,2,7_day,59:15.9
99463,UA-1049,United,SNA,HOU,1,1_day,06:14.9
99464,DA-772,Delta,PDX,BNA,6,7_day,07:21.9
99465,JB-198,JetBlue,HOU,HNL,2,7_day,41:40.9
99466,AA-258,American,RDU,CLT,4,3_day,21:02.9
99467,SA-1004,Spirit,IAH,PDX,5,3_day,20:49.9
99468,VA-928,Virgin,BWI,IAD,7,14_day,48:08.9
99469,DA-182,Delta,PHL,DCA,5,14_day,58:06.9
99470,UA-433,United,CLE,MCO,2,1_day,15:35.9
99471,AA-941,American,PHX,DCA,6,2_day,00:39.9
99472,FA-634,Frontier,CLT,OAK,5,1_day,58:04.9
99473,JB-944,JetBlue,ORD,LGA,2,1_day,50:14.9
99474,SA-888,Spirit,MSP,RDU,2,5_day,30:19.9
99475,SA-673,Spirit,PHX,SNA,3,3_day,06:33.9
99476,JB-173,JetBlue,PDX,DFW,1,14_day,39:00.9
99477,VA-443,Virgin,PHX,CLE,1,1_day,43:13.9
99478,AA-967,American,IAD,ORD,7,7_day,32:46.9
99479,VA-842,Virgin,LGA,SNA,7,3_day,03:14.9
99480,JB-211,JetBlue,PHL,STL,3,2_day,07:23.9
99481,UA-348,United,MCO,LGA,2,5_day,02:19.9
99482,SA-937,Spirit,SNA,MCI,4,5_day,29:56.9
99483,FA-401,Frontier,CLE,EWR,3,3_day,40:02.9
99484,VA-740,Virgin,TPA,DFW,5,14_day,52:59.9
99485,JB-679,JetBlue,AUS,IAH,2,2_day,01:23.9
99486,FA-335,Frontier,RDU,CLE,6,7_day,43:09.9
99487,DA-247,Delta,TPA,FLL,5,7_day,25:21.9
99488,FA-891,Frontier,DCA,SNA,3,14_day,56:50.9
99489,DA-894,Delta,SAN,SLC,2,2_day,22:39.9
99490,DA-1081,Delta,BOS,PDX,7,5_day,01:07.9
99491,FA-348,Frontier,MCI,RDU,7,2_day,42:08.9
99492,DA-875,Delta,LGA,MCO,1,14_day,03:20.9
99493,SW-733,Southwest,ATL,BNA,3,1_day,41:21.9
99494,VA-863,Virgin,BOS,LGA,1,2_day,49:29.9
99495,AA-388,American,CLT,MIA,1,7_day,12:26.9
99496,DA-400,Delta,SFO,BWI,6,14_day,26:38.9
99497,SW-492,Southwest,SAN,SEA,6,5_day,47:36.9
99498,JB-238,JetBlue,BNA,ATL,3,1_day,49:29.9
99499,DA-979,Delta,DCA,SNA,7,2_day,39:36.9
99500,UA-387,United,SNA,STL,3,14_day,58:30.9
99501,SA-661,Spirit,MCO,DFW,1,3_day,01:59.9
99502,SW-920,Southwest,MCI,EWR,4,3_day,41:26.9
99503,VA-668,Virgin,MCI,MDW,5,7_day,49:41.9
99504,JB-1054,JetBlue,ORD,BWI,7,7_day,25:44.9
99505,SA-959,Spirit,PDX,LAS,1,14_day,53:31.9
99506,AA-284,American,BOS,BNA,1,1_day,44:22.9
99507,AA-340,American,CLT,OAK,5,7_day,08:34.9
99508,UA-922,United,MIA,MCI,4,7_day,13:22.9
99509,UA-516,United,BNA,SAN,6,5_day,25:10.9
99510,JB-470,JetBlue,RDU,HNL,3,7_day,15:30.9
99511,JB-647,JetBlue,IAD,STL,2,7_day,24:01.9
99512,SA-838,Spirit,BOS,PHX,4,1_day,40:59.9
99513,AA-866,American,ORD,LAX,4,5_day,47:15.9
99514,SW-386,Southwest,STL,SMF,6,14_day,58:57.9
99515,UA-670,United,IAH,MCI,4,7_day,37:18.9
99516,AA-438,American,EWR,OAK,6,5_day,54:12.9
99517,SA-897,Spirit,JFK,SMF,6,5_day,59:13.9
99518,DA-406,Delta,LAX,DCA,1,14_day,56:31.9
99519,AA-739,American,JFK,MIA,4,1_day,37:37.9
99520,JB-928,JetBlue,DTW,LAX,6,5_day,39:12.9
99521,AA-273,American,SLC,IAD,1,14_day,45:49.9
99522,SA-426,Spirit,ORD,DEN,1,2_day,53:43.9
99523,SW-748,Southwest,PHX,ORD,3,14_day,01:02.9
99524,DA-171,Delta,PDX,SEA,5,3_day,32:06.9
99525,SW-762,Southwest,BNA,PHL,4,2_day,18:50.9
99526,UA-679,United,PHX,TPA,7,1_day,00:32.9
99527,FA-868,Frontier,SAN,MIA,3,5_day,44:50.9
99528,JB-633,JetBlue,RDU,SAN,2,5_day,58:42.9
99529,DA-911,Delta,SLC,MCI,2,1_day,06:14.9
99530,DA-515,Delta,PHL,STL,6,7_day,30:08.9
99531,UA-1057,United,DEN,STL,7,14_day,34:31.9
99532,AA-1008,American,HOU,LAS,1,2_day,50:36.9
99533,AA-440,American,DTW,AUS,1,5_day,26:03.9
99534,SA-638,Spirit,LAX,MCI,1,14_day,01:32.9
99535,FA-268,Frontier,MCO,PHX,4,7_day,13:06.9
99536,SA-725,Spirit,MSP,DFW,3,2_day,16:14.9
99537,JB-246,JetBlue,CLE,SNA,3,14_day,44:26.9
99538,JB-997,JetBlue,SMF,MCO,2,7_day,34:47.9
99539,JB-638,JetBlue,PHL,PHX,3,14_day,31:36.9
99540,DA-531,Delta,HNL,PDX,1,1_day,53:01.9
99541,UA-917,United,CLT,LAX,7,5_day,01:02.9
99542,AA-321,American,IAD,SNA,2,2_day,01:09.9
99543,SW-727,Southwest,IAD,AUS,2,2_day,42:30.9
99544,AA-724,American,HOU,SMF,2,3_day,21:31.9
99545,VA-596,Virgin,RDU,DFW,2,14_day,46:52.9
99546,SA-847,Spirit,MDW,AUS,1,14_day,01:27.9
99547,UA-733,United,SLC,HNL,7,1_day,00:43.9
99548,FA-1087,Frontier,PHL,SAN,7,7_day,47:28.9
99549,JB-342,JetBlue,TPA,IAD,7,2_day,30:07.9
99550,DA-295,Delta,MSP,CLE,4,5_day,46:46.9
99551,SA-926,Spirit,PDX,HOU,6,5_day,22:38.9
99552,DA-412,Delta,PDX,SMF,6,7_day,24:32.9
99553,FA-169,Frontier,ORD,BNA,5,7_day,36:12.9
99554,JB-632,JetBlue,HNL,MIA,1,1_day,17:21.9
99555,VA-1061,Virgin,RDU,AUS,7,3_day,07:09.9
99556,FA-638,Frontier,ATL,HNL,1,14_day,23:32.9
99557,FA-161,Frontier,BNA,ORD,4,7_day,31:08.9
99558,DA-1023,Delta,BNA,DFW,5,2_day,39:36.9
99559,AA-960,American,MCO,MSP,7,14_day,43:56.9
99560,SA-1039,Spirit,MSP,PHX,4,14_day,09:54.9
99561,SW-736,Southwest,MDW,SLC,1,7_day,04:39.9
99562,JB-821,JetBlue,LAS,ATL,7,2_day,57:24.9
99563,UA-201,United,STL,MIA,7,1_day,12:23.9
99564,DA-400,Delta,MCO,SLC,3,7_day,03:04.9
99565,SW-906,Southwest,HNL,DTW,4,7_day,39:15.9
99566,AA-1073,American,LGA,SMF,7,14_day,32:01.9
99567,JB-1084,JetBlue,MCI,SMF,2,3_day,13:19.9
99568,SA-329,Spirit,DTW,LAX,3,14_day,40:16.9
99569,DA-383,Delta,SAN,IAD,6,7_day,57:23.9
99570,FA-749,Frontier,BWI,BOS,2,5_day,35:01.9
99571,UA-633,United,SLC,FLL,4,2_day,25:52.9
99572,VA-727,Virgin,PDX,MCI,5,5_day,09:23.9
99573,VA-933,Virgin,CLE,SAN,4,2_day,57:35.9
99574,FA-397,Frontier,RDU,DCA,3,5_day,36:43.9
99575,SA-980,Spirit,DEN,RDU,6,3_day,24:59.9
99576,DA-208,Delta,IAH,SEA,5,5_day,04:52.9
99577,UA-330,United,HNL,SNA,5,1_day,59:26.9
99578,JB-751,JetBlue,LGA,HOU,5,14_day,52:58.9
99579,JB-816,JetBlue,RDU,OAK,6,5_day,35:36.9
99580,AA-645,American,MCO,FLL,5,3_day,55:45.9
99581,VA-332,Virgin,SAN,ATL,4,3_day,26:17.9
99582,JB-637,JetBlue,MDW,HOU,1,7_day,38:13.9
99583,DA-761,Delta,LAS,TPA,6,1_day,06:43.9
99584,VA-497,Virgin,DFW,EWR,4,7_day,54:32.9
99585,DA-382,Delta,SLC,HNL,3,5_day,35:06.9
99586,SA-738,Spirit,BOS,MIA,3,1_day,28:37.9
99587,SA-987,Spirit,BWI,DCA,3,7_day,43:42.9
99588,SW-966,Southwest,OAK,HOU,4,1_day,50:15.9
99589,JB-606,JetBlue,SEA,RDU,1,5_day,56:38.9
99590,DA-897,Delta,DEN,PHL,2,14_day,17:06.9
99591,JB-878,JetBlue,FLL,IAH,2,1_day,19:47.9
99592,SA-634,Spirit,CLT,EWR,2,5_day,19:35.9
99593,UA-988,United,FLL,LAX,6,7_day,06:06.9
99594,FA-934,Frontier,SLC,MCO,1,7_day,50:41.9
99595,AA-297,American,DEN,PHL,1,7_day,19:42.9
99596,SA-742,Spirit,FLL,SMF,5,2_day,11:46.9
99597,AA-897,American,SAN,HNL,4,2_day,49:57.9
99598,DA-816,Delta,HNL,LAS,7,5_day,26:54.9
99599,JB-560,JetBlue,MSP,CLE,6,2_day,26:46.9
99600,SA-672,Spirit,CLE,HOU,2,5_day,26:54.9
99601,AA-983,American,MSP,MIA,7,2_day,00:10.9
99602,JB-219,JetBlue,LAX,LGA,1,14_day,04:14.9
99603,JB-603,JetBlue,DFW,LGA,2,14_day,47:00.9
99604,SA-572,Spirit,ORD,DEN,4,3_day,04:52.9
99605,SW-999,Southwest,TPA,DCA,1,2_day,13:46.9
99606,SW-303,Southwest,PHL,AUS,7,14_day,57:20.9
99607,DA-1089,Delta,SFO,MSP,1,5_day,51:39.9
99608,JB-730,JetBlue,PHL,MSP,5,1_day,12:47.9
99609,SA-552,Spirit,DCA,MSP,3,14_day,33:44.9
99610,UA-160,United,PHL,RDU,6,1_day,20:11.9
99611,VA-640,Virgin,JFK,STL,3,14_day,31:34.9
99612,VA-523,Virgin,DEN,LGA,3,2_day,17:09.9
99613,VA-216,Virgin,SAN,PDX,5,1_day,43:57.9
99614,VA-873,Virgin,TPA,HNL,2,3_day,57:08.9
99615,VA-816,Virgin,DTW,MIA,3,5_day,15:53.9
99616,SA-242,Spirit,AUS,MCO,3,5_day,26:01.9
99617,UA-897,United,IAH,DTW,5,1_day,40:58.9
99618,UA-417,United,MCI,OAK,1,7_day,57:12.9
99619,SA-658,Spirit,TPA,MCI,4,1_day,19:10.9
99620,SA-929,Spirit,DCA,MCI,3,1_day,04:28.9
99621,JB-689,JetBlue,LAS,IAH,6,14_day,33:25.9
99622,JB-1024,JetBlue,SLC,PHX,4,1_day,02:54.9
99623,JB-394,JetBlue,SMF,LAX,1,7_day,40:26.9
99624,SA-570,Spirit,SAN,ATL,1,7_day,57:01.9
99625,SW-918,Southwest,BOS,MDW,7,2_day,18:32.9
99626,VA-419,Virgin,ATL,PDX,7,2_day,22:13.9
99627,SW-1050,Southwest,DCA,SMF,5,7_day,59:48.9
99628,SW-842,Southwest,DEN,SMF,2,3_day,28:30.9
99629,SA-836,Spirit,SMF,LAX,7,1_day,57:25.9
99630,VA-626,Virgin,DFW,MCO,4,3_day,22:29.9
99631,SA-284,Spirit,SEA,PHX,4,7_day,17:07.9
99632,VA-550,Virgin,CLT,LAX,1,7_day,46:21.9
99633,DA-413,Delta,BOS,MCI,2,3_day,39:53.9
99634,SA-841,Spirit,BNA,MIA,5,7_day,36:36.9
99635,FA-711,Frontier,DCA,SAN,2,2_day,59:07.9
99636,DA-479,Delta,SMF,MSP,6,7_day,51:43.9
99637,JB-1073,JetBlue,CLT,DEN,4,2_day,01:57.9
99638,JB-165,JetBlue,MSP,LGA,6,1_day,38:35.9
99639,UA-817,United,SMF,ATL,1,7_day,32:28.9
99640,DA-795,Delta,OAK,IAD,5,3_day,37:58.9
99641,SW-594,Southwest,MSP,IAD,5,3_day,03:26.9
99642,FA-567,Frontier,LAS,SLC,1,3_day,34:14.9
99643,SW-919,Southwest,SMF,CLT,6,2_day,06:46.9
99644,UA-664,United,SLC,OAK,5,7_day,40:44.9
99645,JB-419,JetBlue,PHX,BOS,6,2_day,20:11.9
99646,DA-1039,Delta,STL,ORD,4,14_day,05:21.9
99647,AA-733,American,DEN,BWI,4,1_day,22:10.9
99648,JB-242,JetBlue,LGA,SNA,4,7_day,48:28.9
99649,FA-255,Frontier,BOS,BWI,7,7_day,00:48.9
99650,SW-902,Southwest,LAS,SLC,2,7_day,43:06.9
99651,AA-297,American,HNL,OAK,2,7_day,11:07.9
99652,VA-1082,Virgin,STL,HNL,3,1_day,46:00.9
99653,JB-541,JetBlue,ORD,PHX,3,5_day,32:12.9
99654,DA-755,Delta,IAH,CLT,5,3_day,35:53.9
99655,SA-472,Spirit,BOS,PDX,2,2_day,17:41.9
99656,FA-375,Frontier,MSP,PDX,2,5_day,38:36.9
99657,AA-754,American,RDU,SLC,4,7_day,51:36.9
99658,VA-797,Virgin,PDX,JFK,7,1_day,11:25.9
99659,SA-613,Spirit,BNA,DCA,1,5_day,50:28.9
99660,SW-927,Southwest,DTW,HOU,5,3_day,43:39.9
99661,DA-939,Delta,LAS,LAX,4,5_day,01:15.9
99662,SA-977,Spirit,OAK,PHX,6,3_day,12:13.9
99663,AA-391,American,IAD,SAN,4,7_day,17:01.9
99664,AA-1035,American,DCA,OAK,3,14_day,59:41.9
99665,AA-207,American,SMF,JFK,5,3_day,51:39.9
99666,AA-1081,American,SAN,LGA,4,14_day,42:16.9
99667,FA-599,Frontier,CLT,MCI,2,5_day,23:49.9
99668,DA-1092,Delta,IAH,AUS,5,7_day,31:49.9
99669,UA-591,United,LGA,BOS,3,3_day,19:16.9
99670,UA-372,United,ATL,SNA,3,7_day,15:50.9
99671,FA-237,Frontier,DTW,SNA,5,14_day,33:59.9
99672,VA-198,Virgin,CLT,OAK,6,3_day,40:06.9
99673,SW-811,Southwest,LAX,DCA,3,5_day,35:05.9
99674,DA-1062,Delta,MSP,MIA,1,5_day,34:32.9
99675,VA-532,Virgin,FLL,PDX,3,5_day,06:59.9
99676,FA-490,Frontier,IAH,EWR,6,7_day,23:09.9
99677,JB-581,JetBlue,LAS,JFK,5,5_day,51:30.9
99678,UA-381,United,ATL,TPA,1,5_day,36:58.9
99679,SA-613,Spirit,HNL,STL,3,1_day,55:10.9
99680,DA-1001,Delta,ORD,ATL,7,5_day,50:26.9
99681,SA-461,Spirit,JFK,MSP,4,7_day,01:09.9
99682,FA-199,Frontier,LGA,DTW,2,3_day,03:41.9
99683,AA-727,American,MIA,SNA,6,14_day,10:31.9
99684,JB-323,JetBlue,DEN,BOS,7,3_day,12:33.9
99685,JB-716,JetBlue,PHX,SNA,5,14_day,23:51.9
99686,UA-863,United,LAX,TPA,3,1_day,43:47.9
99687,UA-761,United,LAX,PHL,4,2_day,07:02.9
99688,JB-307,JetBlue,DEN,MSP,6,1_day,26:22.9
99689,DA-225,Delta,SNA,STL,4,5_day,51:38.9
99690,VA-157,Virgin,LAX,STL,1,7_day,12:49.9
99691,FA-879,Frontier,SFO,ATL,4,14_day,49:37.9
99692,SA-1092,Spirit,SAN,SMF,4,3_day,22:06.9
99693,SA-716,Spirit,LAX,DEN,4,1_day,12:23.9
99694,VA-374,Virgin,AUS,JFK,6,5_day,28:14.9
99695,FA-347,Frontier,ORD,DCA,7,14_day,16:56.9
99696,SW-856,Southwest,LGA,DEN,2,3_day,22:34.9
99697,SA-222,Spirit,MIA,DFW,6,7_day,45:29.9
99698,DA-1075,Delta,ATL,DFW,1,14_day,27:20.9
99699,UA-489,United,MCO,AUS,6,1_day,38:47.9
99700,VA-629,Virgin,PHL,STL,6,14_day,21:37.9
99701,FA-604,Frontier,DFW,IAD,5,5_day,09:07.9
99702,FA-1009,Frontier,BNA,MIA,6,7_day,16:36.9
99703,UA-580,United,ATL,BNA,1,7_day,16:40.9
99704,AA-932,American,TPA,MSP,7,1_day,32:04.9
99705,SA-555,Spirit,BOS,DFW,5,7_day,57:05.9
99706,FA-938,Frontier,SNA,HNL,5,5_day,41:26.9
99707,AA-1067,American,SFO,AUS,2,14_day,03:33.9
99708,SA-783,Spirit,CLE,SMF,1,7_day,18:07.9
99709,JB-298,JetBlue,SEA,JFK,2,2_day,10:38.9
99710,JB-840,JetBlue,MDW,CLT,5,14_day,33:39.9
99711,SW-270,Southwest,OAK,DFW,5,1_day,53:35.9
99712,VA-603,Virgin,FLL,CLE,1,5_day,18:25.9
99713,SA-876,Spirit,HNL,TPA,1,2_day,39:35.9
99714,JB-416,JetBlue,DEN,BOS,5,5_day,21:01.9
99715,VA-1094,Virgin,OAK,DCA,5,1_day,43:59.9
99716,UA-710,United,MCI,HOU,5,14_day,52:15.9
99717,UA-346,United,JFK,MIA,2,7_day,11:36.9
99718,SW-660,Southwest,PDX,JFK,1,7_day,06:41.9
99719,FA-981,Frontier,DTW,EWR,1,1_day,55:40.9
99720,VA-319,Virgin,DCA,PHX,2,3_day,56:41.9
99721,SA-449,Spirit,SMF,CLE,1,7_day,42:06.9
99722,FA-1004,Frontier,SLC,STL,1,1_day,58:42.9
99723,UA-495,United,OAK,FLL,3,5_day,58:23.9
99724,UA-218,United,STL,PHX,5,5_day,14:11.9
99725,JB-265,JetBlue,BWI,SAN,7,3_day,04:20.9
99726,SW-975,Southwest,JFK,HNL,6,7_day,02:01.9
99727,AA-351,American,SLC,EWR,1,5_day,04:15.9
99728,FA-427,Frontier,PHX,TPA,2,1_day,57:52.9
99729,DA-1029,Delta,RDU,ORD,5,1_day,26:21.9
99730,DA-935,Delta,BNA,DTW,3,7_day,34:57.9
99731,UA-967,United,MSP,SAN,6,7_day,45:01.9
99732,DA-519,Delta,LAS,IAD,2,7_day,07:24.9
99733,JB-342,JetBlue,MDW,MIA,1,5_day,51:04.9
99734,VA-220,Virgin,CLE,CLT,3,1_day,16:37.9
99735,UA-749,United,STL,PHX,7,3_day,00:34.9
99736,AA-465,American,MCO,HOU,7,7_day,07:01.9
99737,JB-1019,JetBlue,IAD,AUS,1,14_day,33:07.9
99738,FA-407,Frontier,IAH,MSP,3,2_day,47:38.9
99739,SW-447,Southwest,SFO,LGA,1,2_day,24:00.9
99740,VA-350,Virgin,PHL,SFO,1,7_day,14:45.9
99741,VA-463,Virgin,LGA,LAX,7,7_day,12:10.9
99742,VA-526,Virgin,TPA,OAK,4,3_day,00:48.9
99743,SW-463,Southwest,SMF,BNA,7,3_day,46:03.9
99744,VA-711,Virgin,MDW,SAN,1,1_day,46:32.9
99745,FA-229,Frontier,HNL,DFW,1,1_day,55:57.9
99746,DA-545,Delta,PDX,DFW,2,3_day,14:19.9
99747,SW-693,Southwest,IAH,PHL,1,14_day,25:34.9
99748,JB-318,JetBlue,ORD,MCI,1,3_day,02:05.9
99749,FA-744,Frontier,ORD,MIA,7,1_day,32:36.9
99750,DA-858,Delta,MCI,FLL,2,5_day,13:24.9
99751,JB-913,JetBlue,OAK,HOU,7,2_day,58:22.9
99752,JB-490,JetBlue,HNL,DFW,6,7_day,09:49.9
99753,JB-867,JetBlue,BNA,DEN,2,1_day,21:45.9
99754,FA-730,Frontier,MIA,BNA,3,1_day,05:25.9
99755,UA-1070,United,HOU,ATL,3,7_day,24:01.9
99756,JB-894,JetBlue,LAS,SEA,4,14_day,13:02.9
99757,AA-689,American,MDW,DCA,7,14_day,14:26.9
99758,DA-860,Delta,MIA,HOU,5,5_day,21:33.9
99759,VA-768,Virgin,BNA,DEN,7,2_day,57:07.9
99760,DA-719,Delta,ORD,CLE,5,7_day,50:31.9
99761,UA-425,United,TPA,SMF,3,5_day,05:44.9
99762,JB-884,JetBlue,ATL,DCA,3,3_day,46:26.9
99763,SA-330,Spirit,OAK,TPA,5,3_day,14:51.9
99764,VA-308,Virgin,ATL,DFW,6,14_day,28:53.9